stratum,area,areapost,transect,effort,legid,r,size,pos,side,seen,sighting,sfrac,y,bss,cloud,sight,obs,dives,Etype,cuerate,plat
1,4418,3734,1001,0.056666667,102,9999,9999,9999,9999,9999,9999,0.25,9999,2,8,1,9999,9999,SD,53,0
1,4418,3734,1002,0.126111111,102,9999,9999,9999,9999,9999,9999,0.25,9999,2,0,1,9999,9999,SD,53,0
1,4418,3734,1003,0.075833333,102,9999,9999,9999,9999,9999,9999,0.25,9999,3,8,2,9999,9999,SD,53,0
1,4418,3734,1004,0.13,102,9999,9999,9999,9999,9999,9999,0.25,9999,3,9,2,9999,9999,SD,53,0
1,4418,3734,1005,0.114444444,102,9999,9999,9999,9999,9999,9999,0.25,9999,3,0,2,9999,9999,SD,53,0
1,4418,3734,1006,0.065277778,102,9999,9999,9999,9999,9999,9999,0.25,9999,3,3,2,9999,9999,SD,53,0
1,4418,3734,1007,0.048888889,102,0.339,1,F,R,1,4,0.25,0,3,9,2,D,1,SD,53,1
1,4418,3734,1007,0.048888889,102,9999,9999,R,R,0,4,0.25,9999,3,9,2,H,9999,SD,53,2
1,4418,3734,1008,0.078611111,103,9999,9999,F,L,0,17,0.5,9999,2,9,1,P,9999,SD,53,1
1,4418,3734,1008,0.078611111,103,0.238,1,R,L,1,17,0.5,200,2,9,1,K,1,SD,53,2
1,4418,3734,1008,0.078611111,103,9999,1,F,R,1,18,0.5,9999,2,9,1,D,1,SD,53,1
1,4418,3734,1008,0.078611111,103,0.123,1,R,R,1,18,0.5,48,2,9,1,H,1,SD,53,2
1,4418,3734,1008,0.078611111,103,9999,9999,F,L,0,20,0.5,9999,2,9,1,P,9999,SD,53,1
1,4418,3734,1008,0.078611111,103,0.233,1,R,L,1,20,0.5,336,2,9,1,K,1,SD,53,2
1,4418,3734,1008,0.078611111,103,9999,9999,F,R,0,21,0.5,9999,2,9,1,D,9999,SD,53,1
1,4418,3734,1008,0.078611111,103,0.495,1,R,R,1,21,0.5,344,2,9,1,H,1,SD,53,2
1,4418,3734,1009,0.393333333,103,9999,9999,F,R,0,22,0.5,9999,2,9,2,D,9999,SD,53,1
1,4418,3734,1009,0.393333333,103,0.747,1,R,R,1,22,0.5,557,2,9,2,H,1,SD,53,2
1,4418,3734,1009,0.393333333,103,9999,9999,F,R,0,23,0.5,9999,2,9,2,D,9999,SD,53,1
1,4418,3734,1009,0.393333333,103,0.685,1,R,R,1,23,0.5,31,2,9,2,H,1,SD,53,2
1,4418,3734,1009,0.393333333,103,9999,9999,F,R,0,25,0.5,9999,2,9,2,D,9999,SD,53,1
1,4418,3734,1009,0.393333333,103,0.878,1,R,R,1,25,0.5,1282,2,9,2,H,1,SD,53,2
1,4418,3734,1009,0.393333333,103,0.305,2,F,L,1,36,0.5,565,2,9,2,P,1,SD,53,1
1,4418,3734,1009,0.393333333,103,9999,9999,R,L,0,36,0.5,9999,2,9,2,K,9999,SD,53,2
1,4418,3734,1010,0.158055556,103,9999,9999,F,L,0,12,0.5,9999,3,6,2,P,9999,SD,53,1
1,4418,3734,1010,0.158055556,103,0.103,1,R,L,1,12,0.5,24,3,6,2,K,1,SD,53,2
1,4418,3734,1011,0.225,104,9999,9999,F,R,0,38,0.5,9999,2,9,2,D,9999,SD,53,1
1,4418,3734,1011,0.225,104,1.033,1,R,R,1,38,0.5,1911,2,9,2,H,1,SD,53,2
1,4418,3734,1011,0.225,104,9999,9999,F,R,0,39,0.5,9999,2,9,2,D,9999,SD,53,1
1,4418,3734,1011,0.225,104,0.7,1,R,R,1,39,0.5,1292,2,9,2,H,1,SD,53,2
1,4418,3734,1011,0.225,104,0.08,1,F,R,1,40,0.5,13,2,9,2,D,1,SD,53,1
1,4418,3734,1011,0.225,104,0.391,1,R,R,1,40,0.5,717,2,9,2,H,1,SD,53,2
1,4418,3734,1011,0.225,104,0.277,1,F,R,1,42,0.5,45,2,9,2,D,0,SD,53,1
1,4418,3734,1011,0.225,104,9999,9999,R,R,0,42,0.5,9999,2,9,2,H,9999,SD,53,2
1,4418,3734,1012,0.030555556,104,9999,9999,9999,9999,9999,9999,0.5,9999,2,9,3,9999,9999,SD,53,0
1,4418,3734,1013,0.2025,104,9999,9999,F,L,0,44,0.5,9999,2,8,3,P,9999,SD,53,1
1,4418,3734,1013,0.2025,104,0.103,1,R,L,1,44,0.5,17,2,8,3,K,1,SD,53,2
1,4418,3734,1013,0.2025,104,9999,9999,F,R,0,46,0.5,9999,2,8,3,D,9999,SD,53,1
1,4418,3734,1013,0.2025,104,0.289,1,R,R,1,46,0.5,262,2,8,3,H,1,SD,53,2
1,4418,3734,1014,0.196666667,104,0.305,1,F,R,1,49,0.5,50,3,9,3,D,0,SD,53,1
1,4418,3734,1014,0.196666667,104,0.305,1,R,R,1,49,0.5,50,3,9,3,H,1,SD,53,2
1,4418,3734,1014,0.196666667,104,9999,9999,F,R,0,50,0.5,9999,3,9,3,D,9999,SD,53,1
1,4418,3734,1014,0.196666667,104,0.461,1,R,R,1,50,0.5,75,3,9,3,H,1,SD,53,2
1,4418,3734,1014,0.196666667,104,9999,9999,F,L,0,52,0.5,9999,3,9,3,P,9999,SD,53,1
1,4418,3734,1014,0.196666667,104,0.068,1,R,L,1,52,0.5,96,3,9,3,K,1,SD,53,2
1,4418,3734,1014,0.196666667,104,9999,9999,F,R,0,53,0.5,9999,3,9,3,D,9999,SD,53,1
1,4418,3734,1014,0.196666667,104,0.045,2,R,R,1,53,0.5,8,3,9,3,H,1,SD,53,2
1,4418,3734,1014,0.196666667,104,9999,9999,F,R,0,54,0.5,9999,3,9,3,D,9999,SD,53,1
1,4418,3734,1014,0.196666667,104,0.197,1,R,R,1,54,0.5,281,3,9,3,H,1,SD,53,2
1,4418,3734,1014,0.196666667,104,9999,9999,F,L,0,55,0.5,9999,3,9,3,P,9999,SD,53,1
1,4418,3734,1014,0.196666667,104,0.033,1,R,L,1,55,0.5,48,3,9,3,K,1,SD,53,2
1,4418,3734,1015,0.036666667,104,9999,9999,9999,9999,9999,9999,0.5,9999,4,9,3,9999,9999,SD,53,0
1,4418,3734,1016,0.285555556,105,9999,9999,F,R,0,62,0.5,9999,2,9,2,D,9999,SD,53,1
1,4418,3734,1016,0.285555556,105,0.312,1,R,R,1,62,0.5,425,2,9,2,K,1,SD,53,2
1,4418,3734,1016,0.285555556,105,1.049,2,F,L,1,65,0.5,1934,2,9,2,P,2,SD,53,1
1,4418,3734,1016,0.285555556,105,9999,9999,R,L,0,65,0.5,9999,2,9,2,H,9999,SD,53,2
1,4418,3734,1017,0.109722222,105,9999,9999,9999,9999,9999,9999,0.5,9999,3,9,3,9999,9999,SD,53,0
1,4418,3734,1018,0.202777778,105,9999,9999,F,R,0,58,0.5,9999,4,9,3,D,9999,SD,53,1
1,4418,3734,1018,0.202777778,105,0.072,1,R,R,1,58,0.5,135,4,9,3,K,1,SD,53,2
1,4418,3734,1019,0.1775,105,9999,9999,F,L,0,59,0.5,9999,4,8,2,P,9999,SD,53,1
1,4418,3734,1019,0.1775,105,0.265,1,R,L,1,59,0.5,52,4,8,2,H,1,SD,53,2
1,4418,3734,1019,0.1775,105,9999,9999,F,L,0,61,0.5,9999,4,8,2,P,9999,SD,53,1
1,4418,3734,1019,0.1775,105,0.722,1,R,L,1,61,0.5,360,4,8,2,H,1,SD,53,2
1,4418,3734,1020,0.284444444,106,9999,9999,F,L,0,180,0.5,9999,2,0,1,X,9999,SD,53,1
1,4418,3734,1020,0.284444444,106,0.249,1,R,L,1,180,0.5,238,2,0,1,K,1,SD,53,2
1,4418,3734,1020,0.284444444,106,9999,9999,F,R,0,181,0.5,9999,2,0,1,D,9999,SD,53,1
1,4418,3734,1020,0.284444444,106,0.454,1,R,R,1,181,0.5,559,2,0,1,H,1,SD,53,2
1,4418,3734,1020,0.284444444,106,9999,9999,F,R,0,182,0.5,9999,2,0,1,D,9999,SD,53,1
1,4418,3734,1020,0.284444444,106,0.033,1,R,R,1,182,0.5,3,2,0,1,H,0,SD,53,2
1,4418,3734,1020,0.284444444,106,9999,9999,F,L,0,183,0.5,9999,2,0,1,H,9999,SD,53,1
1,4418,3734,1020,0.284444444,106,0.12,1,R,L,1,183,0.5,224,2,0,1,K,1,SD,53,2
1,4418,3734,1021,0.109722222,106,9999,9999,F,L,0,178,0.5,9999,2,0,2,X,9999,SD,53,1
1,4418,3734,1021,0.109722222,106,0.157,1,R,L,1,178,0.5,100,2,0,2,K,1,SD,53,2
1,4418,3734,1022,0.2525,106,9999,9999,9999,9999,9999,9999,0.5,9999,3,0,1,9999,9999,SD,53,0
1,4418,3734,1023,0.334722222,107,9999,9999,9999,9999,9999,9999,0.5,9999,2,0,1,9999,9999,SD,53,0
1,4418,3734,1024,0.308333333,107,9999,9999,F,L,0,190,0.5,9999,4,0,1,X,9999,SD,53,1
1,4418,3734,1024,0.308333333,107,0.173,1,R,L,1,190,0.5,225,4,0,1,K,1,SD,53,2
1,4418,3734,1025,0.268055556,202,9999,9999,9999,9999,9999,9999,0.25,9999,3,0,1,9999,9999,SD,53,0
1,4418,3734,1026,0.112222222,202,9999,9999,F,R,0,92,0.25,9999,3,0,2,K,9999,SD,53,1
1,4418,3734,1026,0.112222222,202,0.129,1,R,R,1,92,0.25,218,3,0,2,H,1,SD,53,2
1,4418,3734,1026,0.112222222,202,9999,9999,F,R,0,94,0.25,9999,3,0,2,K,9999,SD,53,1
1,4418,3734,1026,0.112222222,202,0.199,1,R,R,1,94,0.25,359,3,0,2,H,1,SD,53,2
1,4418,3734,1027,0.271111111,202,9999,9999,9999,9999,9999,9999,0.25,9999,4,0,2,9999,9999,SD,53,0
1,4418,3734,1028,0.127222222,203,9999,9999,F,R,0,103,0.25,9999,2,0,1,K,9999,SD,53,1
1,4418,3734,1028,0.127222222,203,0.103,1,R,R,1,103,0.25,14,2,0,1,H,1,SD,53,2
1,4418,3734,1028,0.127222222,203,9999,9999,F,R,0,107,0.25,9999,2,0,1,K,9999,SD,53,1
1,4418,3734,1028,0.127222222,203,0.124,1,R,R,1,107,0.25,177,2,0,1,H,1,SD,53,2
1,4418,3734,1028,0.127222222,203,0.465,1,F,R,1,108,0.25,143,2,0,1,K,1,SD,53,1
1,4418,3734,1028,0.127222222,203,9999,9999,R,R,0,108,0.25,9999,2,0,1,H,9999,SD,53,2
1,4418,3734,1028,0.127222222,203,0.345,1,F,R,1,112,0.25,128,2,0,1,K,1,SD,53,1
1,4418,3734,1028,0.127222222,203,9999,9999,R,R,0,112,0.25,9999,2,0,1,H,9999,SD,53,2
1,4418,3734,1029,0.213611111,203,9999,9999,9999,9999,9999,9999,0.25,9999,3,0,1,9999,9999,SD,53,0
1,4418,3734,1031,0.061944444,203,9999,9999,9999,9999,9999,9999,0.25,9999,3,0,2,9999,9999,SD,53,0
1,4418,3734,1032,0.253055556,203,9999,9999,F,R,0,113,0.25,9999,4,0,2,K,9999,SD,53,1
1,4418,3734,1032,0.253055556,203,0.086,1,R,R,1,113,0.25,12,4,0,2,H,1,SD,53,2
1,4418,3734,1033,0.231111111,204,9999,9999,F,R,0,119,0.25,9999,2,0,1,K,9999,SD,53,1
1,4418,3734,1033,0.231111111,204,0.384,1,R,R,1,119,0.25,112,2,0,1,H,1,SD,53,2
1,4418,3734,1033,0.231111111,204,9999,2,F,R,1,120,0.25,9999,2,0,1,K,1,SD,53,1
1,4418,3734,1033,0.231111111,204,0.305,2,R,R,1,120,0.25,20,2,0,1,H,1,SD,53,2
1,4418,3734,1033,0.231111111,204,0.293,1,F,R,1,125,0.25,71,2,0,1,K,1,SD,53,1
1,4418,3734,1033,0.231111111,204,9999,9999,R,R,0,125,0.25,9999,2,0,1,H,9999,SD,53,2
1,4418,3734,1034,0.023055556,204,9999,9999,9999,9999,9999,9999,0.25,9999,2,0,9,9999,9999,SD,53,0
1,4418,3734,1035,0.375833333,204,0.118,1,F,R,1,116,0.25,192,3,0,1,K,1,SD,53,1
1,4418,3734,1035,0.375833333,204,0.171,1,R,R,1,116,0.25,236,3,0,1,H,1,SD,53,2
1,4418,3734,1035,0.375833333,204,9999,9999,F,R,0,118,0.25,9999,3,0,1,K,9999,SD,53,1
1,4418,3734,1035,0.375833333,204,0.461,1,R,R,1,118,0.25,55,3,0,1,H,1,SD,53,2
1,4418,3734,1036,0.168888889,204,9999,9999,9999,9999,9999,9999,0.25,9999,4,0,1,9999,9999,SD,53,0
1,4418,3734,1037,0.152222222,205,0.618,1,F,R,1,142,0.25,959,1,0,1,K,1,SD,53,1
1,4418,3734,1037,0.152222222,205,0.817,1,R,R,1,142,0.25,1242,1,0,1,H,1,SD,53,2
1,4418,3734,1037,0.152222222,205,0.765,1,F,R,1,144,0.25,578,1,0,1,K,1,SD,53,1
1,4418,3734,1037,0.152222222,205,9999,9999,R,R,0,144,0.25,9999,1,0,1,H,9999,SD,53,2
1,4418,3734,1037,0.152222222,205,9999,9999,F,R,0,145,0.25,9999,1,0,1,K,9999,SD,53,1
1,4418,3734,1037,0.152222222,205,0.744,1,R,R,1,145,0.25,845,1,0,1,H,1,SD,53,2
1,4418,3734,1037,0.152222222,205,9999,9999,F,R,0,146,0.25,9999,1,0,1,K,9999,SD,53,1
1,4418,3734,1037,0.152222222,205,0.511,1,R,R,1,146,0.25,415,1,0,1,H,1,SD,53,2
1,4418,3734,1037,0.152222222,205,0.4,1,F,R,1,148,0.25,666,1,0,1,K,1,SD,53,1
1,4418,3734,1037,0.152222222,205,9999,9999,R,R,0,148,0.25,9999,1,0,1,H,9999,SD,53,2
1,4418,3734,1037,0.152222222,205,0.346,1,F,R,1,149,0.25,612,1,0,1,K,1,SD,53,1
1,4418,3734,1037,0.152222222,205,9999,9999,R,R,0,149,0.25,9999,1,0,1,H,9999,SD,53,2
1,4418,3734,1038,0.310833333,205,0.219,1,F,R,1,140,0.25,336,2,0,1,K,1,SD,53,1
1,4418,3734,1038,0.310833333,205,0.295,1,R,R,1,140,0.25,365,2,0,1,H,1,SD,53,2
1,4418,3734,1040,0.314722222,206,0.215,1,F,R,1,153,0.25,57,1,0,1,K,1,SD,53,1
1,4418,3734,1040,0.314722222,206,9999,9999,R,R,0,153,0.25,9999,1,0,1,H,9999,SD,53,2
1,4418,3734,1041,0.240833333,206,9999,9999,F,R,0,173,0.25,9999,2,0,1,K,9999,SD,53,1
1,4418,3734,1041,0.240833333,206,0.136,1,R,R,1,173,0.25,238,2,0,1,H,1,SD,53,2
1,4418,3734,1042,0.063888889,206,9999,1,F,R,1,155,0.25,9999,3,0,1,K,1,SD,53,1
1,4418,3734,1042,0.063888889,206,0.271,1,R,R,1,155,0.25,393,3,0,1,H,1,SD,53,2
1,4418,3734,1043,0.101944444,206,0.208,1,F,R,1,157,0.25,208,4,0,2,K,1,SD,53,1
1,4418,3734,1043,0.101944444,206,0.29,1,R,R,1,157,0.25,396,4,0,2,H,1,SD,53,2
1,4418,3734,1043,0.101944444,206,9999,9999,F,R,0,164,0.25,9999,4,0,2,K,9999,SD,53,1
1,4418,3734,1043,0.101944444,206,0.222,1,R,R,1,164,0.25,121,4,0,2,H,1,SD,53,2
2,3988,3928,2044,0.184722222,101,9999,9999,9999,9999,9999,9999,0.5,9999,2,0,1,9999,9999,SD,53,0
2,3988,3928,2045,0.138333333,101,9999,9999,F,L,0,206,0.5,9999,2,0,1,X,9999,SD,53,1
2,3988,3928,2045,0.138333333,101,0.247,1,R,L,1,206,0.5,382,2,0,1,H,1,SD,53,2
2,3988,3928,2045,0.138333333,101,9999,9999,F,L,0,208,0.5,9999,2,0,1,X,9999,SD,53,1
2,3988,3928,2045,0.138333333,101,0.263,1,R,L,1,208,0.5,288,2,0,1,H,1,SD,53,2
2,3988,3928,2045,0.138333333,101,0.321,1,F,R,1,209,0.5,42,2,0,1,D,1,SD,53,1
2,3988,3928,2045,0.138333333,101,0.378,1,R,R,1,209,0.5,502,2,0,1,K,1,SD,53,2
2,3988,3928,2045,0.138333333,101,0.135,1,F,R,1,212,0.5,169,2,0,1,D,1,SD,53,1
2,3988,3928,2045,0.138333333,101,0.246,1,R,R,1,212,0.5,427,2,0,1,K,1,SD,53,2
2,3988,3928,2045,0.138333333,101,0.214,1,F,R,1,213,0.5,280,2,0,1,D,0,SD,53,1
2,3988,3928,2045,0.138333333,101,9999,9999,R,R,0,213,0.5,9999,2,0,1,K,9999,SD,53,2
2,3988,3928,2046,0.088888889,101,9999,9999,9999,9999,9999,9999,0.5,9999,2,0,2,9999,9999,SD,53,0
2,3988,3928,2047,0.246388889,102,9999,9999,9999,9999,9999,9999,0.5,9999,0,1,1,9999,9999,SD,53,0
2,3988,3928,2048,0.177222222,102,9999,9999,9999,9999,9999,9999,0.5,9999,1,0,2,9999,9999,SD,53,0
2,3988,3928,2049,0.175277778,103,9999,9999,F,R,0,220,0.5,9999,0,0,1,D,9999,SD,53,1
2,3988,3928,2049,0.175277778,103,0.772,1,R,R,1,220,0.5,1343,0,0,1,K,1,SD,53,2
2,3988,3928,2049,0.175277778,103,9999,9999,F,R,0,221,0.5,9999,0,0,1,D,9999,SD,53,1
2,3988,3928,2049,0.175277778,103,0.275,1,R,R,1,221,0.5,139,0,0,1,K,1,SD,53,2
2,3988,3928,2050,0.070833333,103,9999,9999,9999,9999,9999,9999,0.5,9999,0,1,1,9999,9999,SD,53,0
2,3988,3928,2051,0.108055556,103,9999,9999,9999,9999,9999,9999,0.5,9999,1,1,2,9999,9999,SD,53,0
2,3988,3928,2052,0.332222222,103,9999,9999,9999,9999,9999,9999,0.5,9999,2,1,2,9999,9999,SD,53,0
2,3988,3928,2053,0.189722222,104,9999,9999,9999,9999,9999,9999,0.5,9999,2,0,3,9999,9999,SD,53,0
2,3988,3928,2054,0.197222222,104,9999,9999,9999,9999,9999,9999,0.5,9999,2,1,3,9999,9999,SD,53,0
2,3988,3928,2055,0.1775,104,9999,9999,9999,9999,9999,9999,0.5,9999,3,1,3,9999,9999,SD,53,0
2,3988,3928,2056,0.226666667,106,9999,9999,9999,9999,9999,9999,0.5,9999,2,0,2,9999,9999,SD,53,0
2,3988,3928,2057,0.242222222,107,9999,9999,9999,9999,9999,9999,0.5,9999,1,0,2,9999,9999,SD,53,0
2,3988,3928,2058,0.273055556,108,9999,9999,9999,9999,9999,9999,0.5,9999,1,0,2,9999,9999,SD,53,0
2,3988,3928,2059,0.361944444,109,9999,9999,9999,9999,9999,9999,0.5,9999,2,0,2,9999,9999,SD,53,0
2,3988,3928,2060,0.105,110,9999,9999,F,L,0,227,0.5,9999,1,0,1,P,9999,SD,53,1
2,3988,3928,2060,0.105,110,0.094,1,R,L,1,227,0.5,135,1,0,1,H,1,SD,53,2
2,3988,3928,2061,0.28,110,9999,9999,9999,9999,9999,9999,0.5,9999,2,0,2,9999,9999,SD,53,0
2,3988,3928,2062,0.076666667,111,0.7,1,F,R,1,229,0.5,0,1,0,3,D,1,SD,53,1
2,3988,3928,2062,0.076666667,111,9999,9999,R,R,0,229,0.5,9999,1,0,3,K,9999,SD,53,2
2,3988,3928,2062,0.076666667,111,9999,9999,9999,9999,9999,9999,0.5,9999,1,0,3,9999,9999,SD,53,0
2,3988,3928,2063,0.090833333,111,0.72,1,F,R,1,228,0.5,335,1,0,3,D,1,SD,53,1
2,3988,3928,2063,0.090833333,111,9999,9999,R,R,0,228,0.5,9999,1,0,3,K,9999,SD,53,2
2,3988,3928,2064,0.134166667,111,9999,9999,9999,9999,9999,9999,0.5,9999,2,0,2,9999,9999,SD,53,0
2,3988,3928,2065,0.291388889,112,0.448,1,F,R,1,230,0.5,608,1,0,2,D,1,SD,53,1
2,3988,3928,2065,0.291388889,112,9999,9999,R,R,0,230,0.5,9999,1,0,2,K,9999,SD,53,2
2,3988,3928,2066,0.178333333,113,0.366,1,F,R,1,235,0.5,147,0,0,1,D,1,SD,53,1
2,3988,3928,2066,0.178333333,113,9999,9999,R,R,0,235,0.5,9999,0,0,1,K,9999,SD,53,2
2,3988,3928,2067,0.125277778,113,9999,9999,9999,9999,9999,9999,0.5,9999,1,0,2,9999,9999,SD,53,0
3,14066,0,3068,0.148611111,101,9999,9999,9999,9999,9999,9999,0.25,9999,3,9,2,9999,9999,SD,53,0
3,14066,0,3069,0.3275,101,9999,9999,9999,9999,9999,9999,0.25,9999,4,9,3,9999,9999,SD,53,0
3,14066,0,3070,0.099722222,101,9999,9999,9999,9999,9999,9999,0.25,9999,4,9,2,9999,9999,SD,53,0
3,14066,0,3071,0.039722222,101,9999,9999,9999,9999,9999,9999,0.25,9999,4,9,3,9999,9999,SD,53,0
3,14066,0,3073,0.196944444,103,9999,9999,9999,9999,9999,9999,0.5,9999,2,9,1,9999,9999,SD,53,0
3,14066,0,3074,0.083333333,103,9999,9999,F,L,0,72,0.5,9999,3,9,1,P,9999,SD,53,1
3,14066,0,3074,0.083333333,103,0.339,1,R,L,1,72,0.5,66,3,9,1,H,1,SD,53,2
3,14066,0,3075,0.063611111,103,9999,9999,9999,9999,9999,9999,0.5,9999,4,9,2,9999,9999,SD,53,0
4,12392,12357,4076,0.1525,101,9999,9999,F,R,0,236,0.5,9999,0,0,2,X,9999,SD,53,1
4,12392,12357,4076,0.1525,101,0.241,1,R,R,1,236,0.5,209,0,0,2,H,0,SD,53,2
4,12392,12357,4077,0.225555556,101,9999,9999,9999,9999,9999,9999,0.5,9999,1,0,3,9999,9999,SD,53,0
4,12392,12357,4078,0.361388889,102,9999,9999,F,R,0,237,0.5,9999,1,0,2,X,9999,SD,53,1
4,12392,12357,4078,0.361388889,102,0.398,1,R,R,1,237,0.5,663,1,0,2,H,1,SD,53,2
4,12392,12357,4079,0.381111111,103,9999,9999,9999,9999,9999,9999,0.5,9999,1,0,3,9999,9999,SD,53,0
4,12392,12357,4080,0.356666667,104,0.182,2,F,L,1,238,0.5,123,1,0,3,P,1,SD,53,1
4,12392,12357,4080,0.356666667,104,9999,9999,R,L,0,238,0.5,9999,1,0,3,K,9999,SD,53,2
4,12392,12357,4080,0.356666667,104,0.174,2,F,L,1,239,0.5,77,1,0,3,P,1,SD,53,1
4,12392,12357,4080,0.356666667,104,9999,9999,R,L,0,239,0.5,9999,1,0,3,K,9999,SD,53,2
4,12392,12357,4080,0.356666667,104,9999,9999,F,L,0,240,0.5,9999,1,0,3,P,9999,SD,53,1
4,12392,12357,4080,0.356666667,104,0.584,2,R,L,1,240,0.5,129,1,0,3,K,1,SD,53,2
4,12392,12357,4081,0.301111111,105,9999,9999,9999,9999,9999,9999,0.5,9999,1,0,2,9999,9999,SD,53,0
4,12392,12357,4082,0.36,105,9999,9999,9999,9999,9999,9999,0.5,9999,1,0,2,9999,9999,SD,53,0
4,12392,12357,4083,0.287222222,106,9999,9999,9999,9999,9999,9999,0.5,9999,1,0,9,9999,9999,SD,53,0
4,12392,12357,4084,0.3925,106,9999,9999,F,R,0,242,0.5,9999,2,1,2,X,9999,SD,53,1
4,12392,12357,4084,0.3925,106,0.107,1,R,R,1,242,0.5,60,2,1,2,K,1,SD,53,2
4,12392,12357,4085,0.359722222,107,9999,9999,9999,9999,9999,9999,0.5,9999,1,0,1,9999,9999,SD,53,0
4,12392,12357,4086,0.177222222,107,9999,9999,9999,9999,9999,9999,0.5,9999,2,9,3,9999,9999,SD,53,0
4,12392,12357,4087,0.184444444,107,9999,9999,F,R,0,246,0.5,9999,2,0,2,X,9999,SD,53,1
4,12392,12357,4087,0.184444444,107,0.069,1,R,R,1,246,0.5,88,2,0,2,K,1,SD,53,2
4,12392,12357,4087,0.184444444,107,9999,9999,F,L,0,247,0.5,9999,2,0,2,P,9999,SD,53,1
4,12392,12357,4087,0.184444444,107,0.307,1,R,L,1,247,0.5,569,2,0,2,H,1,SD,53,2
4,12392,12357,4088,0.136666667,107,9999,9999,F,R,0,248,0.5,9999,2,1,3,X,9999,SD,53,1
4,12392,12357,4088,0.136666667,107,0.296,1,R,R,1,248,0.5,550,2,1,3,K,1,SD,53,2
4,12392,12357,4088,0.136666667,107,9999,9999,F,L,0,250,0.5,9999,2,1,3,P,9999,SD,53,1
4,12392,12357,4088,0.136666667,107,0.083,1,R,L,1,250,0.5,0,2,1,3,H,1,SD,53,2
4,12392,12357,4088,0.136666667,107,9999,9999,F,R,0,251,0.5,9999,2,1,3,X,9999,SD,53,1
4,12392,12357,4088,0.136666667,107,0.198,1,R,R,1,251,0.5,367,2,1,3,K,1,SD,53,2
4,12392,12357,4089,0.086111111,107,9999,9999,9999,9999,9999,9999,0.5,9999,2,8,3,9999,9999,SD,53,0
4,12392,12357,4090,0.093611111,108,9999,9999,9999,9999,9999,9999,0.5,9999,1,0,1,9999,9999,SD,53,0
4,12392,12357,4091,0.215277778,108,0.295,1,F,L,1,252,0.5,103,2,9,2,P,1,SD,53,1
4,12392,12357,4091,0.215277778,108,0.487,1,R,L,1,252,0.5,647,2,9,2,K,1,SD,53,2
4,12392,12357,4092,0.149722222,108,9999,9999,9999,9999,9999,9999,0.5,9999,2,0,1,9999,9999,SD,53,0
4,12392,12357,4093,0.167222222,108,9999,9999,9999,9999,9999,9999,0.5,9999,2,0,2,9999,9999,SD,53,0
4,12392,12357,4094,0.125833333,108,9999,9999,9999,9999,9999,9999,0.5,9999,3,9,2,9999,9999,SD,53,0
4,12392,12357,4095,0.223055556,108,9999,9999,F,R,0,255,0.5,9999,3,0,2,X,9999,SD,53,1
4,12392,12357,4095,0.223055556,108,0.318,1,R,R,1,255,0.5,543,3,0,2,H,1,SD,53,2
4,12392,12357,4095,0.223055556,108,9999,9999,F,L,0,256,0.5,9999,3,0,2,P,9999,SD,53,1
4,12392,12357,4095,0.223055556,108,0.232,1,R,L,1,256,0.5,42,3,0,2,K,1,SD,53,2
4,12392,12357,4096,0.393888889,109,9999,9999,F,L,0,274,0.5,9999,1,9,1,P,9999,SD,53,1
4,12392,12357,4096,0.393888889,109,0.652,1,R,L,1,274,0.5,1206,1,9,1,H,1,SD,53,2
4,12392,12357,4097,0.3675,109,9999,9999,9999,9999,9999,9999,0.5,9999,2,9,1,9999,9999,SD,53,0
4,12392,12357,4098,0.1425,110,9999,9999,9999,9999,9999,9999,0.5,9999,1,0,2,9999,9999,SD,53,0
4,12392,12357,4099,0.189722222,110,9999,9999,9999,9999,9999,9999,0.5,9999,2,0,2,9999,9999,SD,53,0
4,12392,12357,4100,0.225,110,9999,9999,9999,9999,9999,9999,0.5,9999,2,0,2,9999,9999,SD,53,0
4,12392,12357,4101,0.203611111,110,9999,9999,9999,9999,9999,9999,0.5,9999,3,0,2,9999,9999,SD,53,0
4,12392,12357,4102,0.027777778,110,9999,9999,9999,9999,9999,9999,0.5,9999,3,0,2,9999,9999,SD,53,0
4,12392,12357,4103,0.132777778,111,9999,9999,9999,9999,9999,9999,0.5,9999,1,9,2,9999,9999,SD,53,0
4,12392,12357,4104,0.168055556,111,9999,9999,9999,9999,9999,9999,0.5,9999,2,9,2,9999,9999,SD,53,0
4,12392,12357,4105,0.295555556,111,9999,9999,F,L,0,281,0.5,9999,2,9,2,P,9999,SD,53,1
4,12392,12357,4105,0.295555556,111,0.265,1,R,L,1,281,0.5,35,2,9,2,H,1,SD,53,2
4,12392,12357,4105,0.295555556,111,9999,9999,F,R,0,283,0.5,9999,2,9,2,D,9999,SD,53,1
4,12392,12357,4105,0.295555556,111,0.076,1,R,R,1,283,0.5,93,2,9,2,K,1,SD,53,2
4,12392,12357,4106,0.211388889,112,9999,9999,9999,9999,9999,9999,0.5,9999,2,0,2,9999,9999,SD,53,0
4,12392,12357,4107,0.173888889,112,9999,9999,9999,9999,9999,9999,0.5,9999,2,0,1,9999,9999,SD,53,0
4,12392,12357,4108,0.107222222,112,9999,9999,9999,9999,9999,9999,0.5,9999,3,4,2,9999,9999,SD,53,0
4,12392,12357,4109,0.104444444,112,9999,9999,9999,9999,9999,9999,0.5,9999,3,3,2,9999,9999,SD,53,0
4,12392,12357,4110,0.051666667,113,9999,9999,9999,9999,9999,9999,0.5,9999,2,0,2,9999,9999,SD,53,0
4,12392,12357,4111,0.273888889,113,9999,9999,9999,9999,9999,9999,0.5,9999,2,0,1,9999,9999,SD,53,0
4,12392,12357,4112,0.11,113,9999,9999,9999,9999,9999,9999,0.5,9999,3,3,2,9999,9999,SD,53,0
4,12392,12357,4113,0.060555556,113,9999,9999,9999,9999,9999,9999,0.5,9999,3,4,2,9999,9999,SD,53,0
4,12392,12357,4114,0.142777778,113,9999,9999,9999,9999,9999,9999,0.5,9999,3,1,1,9999,9999,SD,53,0
4,12392,12357,4115,0.019444444,113,9999,9999,9999,9999,9999,9999,0.5,9999,4,3,2,9999,9999,SD,53,0
4,12392,12357,4116,0.112222222,114,9999,9999,9999,9999,9999,9999,0.5,9999,3,0,2,9999,9999,SD,53,0
4,12392,12357,4117,0.325,114,9999,9999,9999,9999,9999,9999,0.5,9999,3,3,2,9999,9999,SD,53,0
4,12392,12357,4118,0.1325,114,9999,9999,9999,9999,9999,9999,0.5,9999,4,0,2,9999,9999,SD,53,0
4,12392,12357,4119,0.303333333,115,9999,9999,9999,9999,9999,9999,0.5,9999,2,2,2,9999,9999,SD,53,0
4,12392,12357,4120,0.07,115,9999,9999,9999,9999,9999,9999,0.5,9999,3,2,3,9999,9999,SD,53,0
4,12392,12357,4121,0.188055556,115,9999,9999,9999,9999,9999,9999,0.5,9999,3,1,3,9999,9999,SD,53,0
4,12392,12357,4122,0.065555556,115,9999,9999,9999,9999,9999,9999,0.5,9999,4,1,3,9999,9999,SD,53,0
4,12392,12357,4123,0.045555556,116,9999,9999,9999,9999,9999,9999,0.5,9999,4,9,3,9999,9999,SD,53,0
4,12392,12357,4124,0.078055556,117,9999,9999,9999,9999,9999,9999,0.5,9999,1,9,3,9999,9999,SD,53,0
4,12392,12357,4125,0.111666667,117,9999,9999,F,R,0,356,0.5,9999,2,9,2,D,9999,SD,53,1
4,12392,12357,4125,0.111666667,117,0.057,1,R,R,1,356,0.5,0,2,9,2,K,1,SD,53,2
4,12392,12357,4126,0.187777778,117,9999,9999,9999,9999,9999,9999,0.5,9999,2,9,3,9999,9999,SD,53,0
4,12392,12357,4127,0.031111111,117,9999,9999,9999,9999,9999,9999,0.5,9999,2,8,1,9999,9999,SD,53,0
4,12392,12357,4128,0.103055556,118,9999,9999,9999,9999,9999,9999,0.5,9999,1,9,1,9999,9999,SD,53,0
4,12392,12357,4129,0.166111111,118,9999,9999,9999,9999,9999,9999,0.5,9999,1,9,2,9999,9999,SD,53,0
4,12392,12357,4131,0.254722222,119,9999,9999,F,L,0,344,0.5,9999,1,9,2,P,9999,SD,53,1
4,12392,12357,4131,0.254722222,119,0.199,1,R,L,1,344,0.5,171,1,9,2,K,1,SD,53,2
4,12392,12357,4131,0.254722222,119,9999,9999,F,L,0,345,0.5,9999,1,9,2,P,9999,SD,53,1
4,12392,12357,4131,0.254722222,119,0.124,1,R,L,1,345,0.5,215,1,9,2,K,1,SD,53,2
4,12392,12357,4132,0.0625,119,9999,9999,9999,9999,9999,9999,0.5,9999,1,8,2,9999,9999,SD,53,0
4,12392,12357,4133,0.181388889,120,9999,9999,F,L,0,348,0.5,9999,1,9,2,P,9999,SD,53,1
4,12392,12357,4133,0.181388889,120,0.176,1,R,L,1,348,0.5,12,1,9,2,K,1,SD,53,2
4,12392,12357,4134,0.078333333,121,9999,9999,9999,9999,9999,9999,0.5,9999,2,9,3,9999,9999,SD,53,0
4,12392,12357,4135,0.136388889,121,9999,9999,F,R,0,384,0.5,9999,3,9,3,D,9999,SD,53,1
4,12392,12357,4135,0.136388889,121,0.327,1,R,R,1,384,0.5,541,3,9,3,H,1,SD,53,2
4,12392,12357,4136,0.054166667,121,9999,9999,F,R,0,385,0.5,9999,3,9,3,D,9999,SD,53,1
4,12392,12357,4136,0.054166667,121,0.539,1,R,R,1,385,0.5,523,3,9,3,H,1,SD,53,2
4,12392,12357,4137,0.161666667,121,9999,9999,9999,9999,9999,9999,0.5,9999,3,9,3,9999,9999,SD,53,0
4,12392,12357,4138,0.055555556,122,9999,9999,9999,9999,9999,9999,0.5,9999,2,2,3,9999,9999,SD,53,0
4,12392,12357,4139,0.034722222,122,9999,9999,9999,9999,9999,9999,0.5,9999,2,8,2,9999,9999,SD,53,0
4,12392,12357,4140,0.171944444,122,9999,9999,9999,9999,9999,9999,0.5,9999,3,2,3,9999,9999,SD,53,0
4,12392,12357,4141,0.125833333,122,9999,9999,9999,9999,9999,9999,0.5,9999,3,4,2,9999,9999,SD,53,0
4,12392,12357,4142,0.157222222,123,9999,9999,9999,9999,9999,9999,0.5,9999,2,6,1,9999,9999,SD,53,0
4,12392,12357,4143,0.089166667,123,9999,9999,9999,9999,9999,9999,0.5,9999,3,8,2,9999,9999,SD,53,0
4,12392,12357,4144,0.228888889,123,9999,9999,9999,9999,9999,9999,0.5,9999,3,8,2,9999,9999,SD,53,0
4,12392,12357,4145,0.063888889,123,9999,9999,9999,9999,9999,9999,0.5,9999,4,8,2,9999,9999,SD,53,0
4,12392,12357,4146,0.106666667,124,9999,9999,9999,9999,9999,9999,0.5,9999,0,9,2,9999,9999,SD,53,0
4,12392,12357,4147,0.236666667,125,9999,9999,9999,9999,9999,9999,0.5,9999,0,9,3,9999,9999,SD,53,0
4,12392,12357,4148,0.049166667,125,9999,9999,9999,9999,9999,9999,0.5,9999,1,9,3,9999,9999,SD,53,0
4,12392,12357,4149,0.153611111,125,9999,9999,9999,9999,9999,9999,0.5,9999,2,9,3,9999,9999,SD,53,0
4,12392,12357,4150,0.423333333,211,9999,9999,9999,9999,9999,9999,0.5,9999,3,0,3,9999,9999,SD,53,0
4,12392,12357,4151,0.197777778,211,9999,9999,9999,9999,9999,9999,0.5,9999,4,0,3,9999,9999,SD,53,0
4,12392,12357,4152,0.289166667,216,9999,9999,9999,9999,9999,9999,0.5,9999,2,9,2,9999,9999,SD,53,0
4,12392,12357,4153,0.1025,216,9999,9999,9999,9999,9999,9999,0.5,9999,3,9,2,9999,9999,SD,53,0
4,12392,12357,4154,0.145555556,216,9999,9999,9999,9999,9999,9999,0.5,9999,4,9,2,9999,9999,SD,53,0
4,12392,12357,4155,0.027222222,216,9999,9999,9999,9999,9999,9999,0.5,9999,5,9,3,9999,9999,SD,53,0
4,12392,12357,4156,0.121388889,217,9999,9999,9999,9999,9999,9999,0.5,9999,4,9,3,9999,9999,SD,53,0
4,12392,12357,4157,0.161388889,224,9999,9999,F,R,0,375,0.5,9999,2,8,2,D,9999,SD,53,1
4,12392,12357,4157,0.161388889,224,0.486,1,R,R,1,375,0.5,809,2,8,2,K,1,SD,53,2
4,12392,12357,4159,0.020555556,224,9999,9999,9999,9999,9999,9999,0.5,9999,3,9,2,9999,9999,SD,53,0
4,12392,12357,4160,0.111388889,224,9999,9999,9999,9999,9999,9999,0.5,9999,4,9,2,9999,9999,SD,53,0
5,9471,6944,5161,0.178055556,103,9999,9999,9999,9999,9999,9999,0.5,9999,1,0,2,9999,9999,SD,53,0
5,9471,6944,5162,0.241944444,103,9999,9999,F,L,0,261,0.5,9999,1,0,2,P,9999,SD,53,1
5,9471,6944,5162,0.241944444,103,0.808,1,R,L,1,261,0.5,754,1,0,2,K,1,SD,53,2
5,9471,6944,5163,0.2675,104,9999,9999,9999,9999,9999,9999,0.5,9999,0,0,2,9999,9999,SD,53,0
5,9471,6944,5164,0.13,104,9999,9999,9999,9999,9999,9999,0.5,9999,1,0,2,9999,9999,SD,53,0
5,9471,6944,5165,0.2275,105,9999,9999,9999,9999,9999,9999,0.5,9999,0,0,2,9999,9999,SD,53,0
5,9471,6944,5166,0.190833333,105,9999,9999,9999,9999,9999,9999,0.5,9999,0,0,2,9999,9999,SD,53,0
5,9471,6944,5167,0.131666667,106,9999,9999,9999,9999,9999,9999,0.5,9999,0,0,2,9999,9999,SD,53,0
5,9471,6944,5168,0.238055556,106,9999,9999,9999,9999,9999,9999,0.5,9999,0,0,2,9999,9999,SD,53,0
5,9471,6944,5169,0.240555556,107,9999,9999,9999,9999,9999,9999,0.5,9999,2,9,1,9999,9999,SD,53,0
5,9471,6944,5170,0.268333333,110,9999,9999,9999,9999,9999,9999,0.5,9999,2,9,1,9999,9999,SD,53,0
5,9471,6944,5171,0.068888889,111,9999,9999,9999,9999,9999,9999,0.5,9999,1,5,1,9999,9999,SD,53,0
5,9471,6944,5172,0.081111111,111,9999,9999,9999,9999,9999,9999,0.5,9999,2,9,1,9999,9999,SD,53,0
5,9471,6944,5173,0.078055556,111,9999,9999,F,R,0,354,0.5,9999,2,9,2,D,9999,SD,53,1
5,9471,6944,5173,0.078055556,111,0.176,1,R,R,1,354,0.5,23,2,9,2,H,1,SD,53,2
5,9471,6944,5174,0.083611111,111,9999,9999,9999,9999,9999,9999,0.5,9999,2,4,2,9999,9999,SD,53,0
5,9471,6944,5175,0.058055556,111,9999,9999,9999,9999,9999,9999,0.5,9999,2,8,2,9999,9999,SD,53,0
5,9471,6944,5176,0.039444444,112,9999,9999,9999,9999,9999,9999,0.5,9999,1,9,1,9999,9999,SD,53,0
5,9471,6944,5177,0.188333333,112,9999,9999,F,R,0,351,0.5,9999,2,9,2,D,9999,SD,53,1
5,9471,6944,5177,0.188333333,112,0.408,1,R,R,1,351,0.5,111,2,9,2,H,1,SD,53,2
5,9471,6944,5178,0.122777778,113,9999,9999,9999,9999,9999,9999,0.5,9999,4,9,3,9999,9999,SD,53,0
5,9471,6944,5179,0.176388889,114,9999,9999,9999,9999,9999,9999,0.5,9999,4,7,1,9999,9999,SD,53,0
5,9471,6944,5180,0.140555556,114,9999,9999,9999,9999,9999,9999,0.5,9999,4,9,2,9999,9999,SD,53,0
8,3728,1659,8181,0.129444444,101,9999,9999,9999,9999,9999,9999,0.5,9999,2,9,2,9999,9999,SD,53,0
8,3728,1659,8182,0.183888889,101,9999,9999,F,R,0,313,0.5,9999,2,9,3,D,9999,SD,53,1
8,3728,1659,8182,0.183888889,101,0.794,1,R,R,1,313,0.5,1339,2,9,3,H,1,SD,53,2
8,3728,1659,8182,0.183888889,101,9999,9999,F,L,0,314,0.5,9999,2,9,3,P,9999,SD,53,1
8,3728,1659,8182,0.183888889,101,0.213,2,R,L,1,314,0.5,14,2,9,3,K,2,SD,53,2
8,3728,1659,8182,0.183888889,101,9999,9999,F,R,0,315,0.5,9999,2,9,3,D,9999,SD,53,1
8,3728,1659,8182,0.183888889,101,0.316,1,R,R,1,315,0.5,540,2,9,3,H,1,SD,53,2
8,3728,1659,8182,0.183888889,101,9999,9999,F,L,0,316,0.5,9999,2,9,3,P,9999,SD,53,1
8,3728,1659,8182,0.183888889,101,0.103,1,R,L,1,316,0.5,7,2,9,3,K,1,SD,53,2
8,3728,1659,8182,0.183888889,101,9999,9999,F,R,0,318,0.5,9999,2,9,3,D,9999,SD,53,1
8,3728,1659,8182,0.183888889,101,0.432,1,R,R,1,318,0.5,780,2,9,3,H,1,SD,53,2
8,3728,1659,8182,0.183888889,101,9999,9999,F,R,0,319,0.5,9999,2,9,3,D,9999,SD,53,1
8,3728,1659,8182,0.183888889,101,0.233,1,R,R,1,319,0.5,393,2,9,3,H,1,SD,53,2
8,3728,1659,8182,0.183888889,101,9999,9999,F,R,0,320,0.5,9999,2,9,3,D,9999,SD,53,1
8,3728,1659,8182,0.183888889,101,0.339,1,R,R,1,320,0.5,22,2,9,3,H,1,SD,53,2
8,3728,1659,8182,0.183888889,101,9999,9999,F,L,0,321,0.5,9999,2,9,3,P,9999,SD,53,1
8,3728,1659,8182,0.183888889,101,0.052,2,R,L,1,321,0.5,52,2,9,3,K,1,SD,53,2
8,3728,1659,8182,0.183888889,101,9999,9999,F,L,0,322,0.5,9999,2,9,3,P,9999,SD,53,1
8,3728,1659,8182,0.183888889,101,0.045,2,R,L,1,322,0.5,3,2,9,3,K,1,SD,53,2
8,3728,1659,8182,0.183888889,101,9999,9999,F,R,0,323,0.5,9999,2,9,3,D,9999,SD,53,1
8,3728,1659,8182,0.183888889,101,0.144,1,R,R,1,323,0.5,200,2,9,3,H,1,SD,53,2
8,3728,1659,8183,0.175277778,102,9999,9999,9999,9999,9999,9999,0.5,9999,2,6,2,9999,9999,SD,53,0
8,3728,1659,8184,0.056666667,102,9999,9999,9999,9999,9999,9999,0.5,9999,3,9,2,9999,9999,SD,53,0
8,3728,1659,8185,0.067777778,103,9999,9999,F,R,0,293,0.5,9999,2,6,2,D,9999,SD,53,1
8,3728,1659,8185,0.067777778,103,0.066,1,R,R,1,293,0.5,5,2,6,2,K,1,SD,53,2
8,3728,1659,8186,0.141944444,103,0.251,2,F,R,1,288,0.5,182,2,9,1,D,1,SD,53,1
8,3728,1659,8186,0.141944444,103,0.182,1,R,R,1,288,0.5,147,2,9,1,K,1,SD,53,2
8,3728,1659,8186,0.141944444,103,9999,9999,F,L,0,291,0.5,9999,2,9,1,P,9999,SD,53,1
8,3728,1659,8186,0.141944444,103,0.316,1,R,L,1,291,0.5,21,2,9,1,H,1,SD,53,2
8,3728,1659,8187,0.101388889,103,9999,9999,9999,9999,9999,9999,0.5,9999,2,6,1,9999,9999,SD,53,0
8,3728,1659,8188,0.175277778,103,9999,9999,F,L,0,292,0.5,9999,3,9,2,P,9999,SD,53,1
8,3728,1659,8188,0.175277778,103,0.158,1,R,L,1,292,0.5,11,3,9,2,H,1,SD,53,2
8,3728,1659,8189,0.028611111,104,9999,9999,9999,9999,9999,9999,0.5,9999,2,9,1,9999,9999,SD,53,0
8,3728,1659,8190,0.063888889,104,9999,9999,F,L,0,296,0.5,9999,2,9,2,P,9999,SD,53,1
8,3728,1659,8190,0.063888889,104,0.58,1,R,L,1,296,0.5,57,2,9,2,H,1,SD,53,2
8,3728,1659,8191,0.146944444,104,9999,9999,F,L,0,298,0.5,9999,3,9,3,P,9999,SD,53,1
8,3728,1659,8191,0.146944444,104,0.315,1,R,L,1,298,0.5,455,3,9,3,H,1,SD,53,2
8,3728,1659,8191,0.146944444,104,9999,9999,F,L,0,299,0.5,9999,3,9,3,P,9999,SD,53,1
8,3728,1659,8191,0.146944444,104,0.216,1,R,L,1,299,0.5,165,3,9,3,H,1,SD,53,2
8,3728,1659,8192,0.037222222,104,9999,9999,9999,9999,9999,9999,0.5,9999,4,9,3,9999,9999,SD,53,0
8,3728,1659,8193,0.351666667,105,9999,9999,F,L,0,301,0.5,9999,3,9,3,P,9999,SD,53,1
8,3728,1659,8193,0.351666667,105,0.284,1,R,L,1,301,0.5,527,3,9,3,H,1,SD,53,2
8,3728,1659,8193,0.351666667,105,9999,9999,F,R,0,302,0.5,9999,3,9,3,D,9999,SD,53,1
8,3728,1659,8193,0.351666667,105,0.023,1,R,R,1,302,0.5,44,3,9,3,K,1,SD,53,2
8,3728,1659,8193,0.351666667,105,9999,9999,F,L,0,304,0.5,9999,3,9,3,P,9999,SD,53,1
8,3728,1659,8193,0.351666667,105,0.265,1,R,L,1,304,0.5,54,3,9,3,H,1,SD,53,2
8,3728,1659,8193,0.351666667,105,0.258,2,F,R,1,305,0.5,99,3,9,3,D,1,SD,53,1
8,3728,1659,8193,0.351666667,105,9999,9999,R,R,0,305,0.5,9999,3,9,3,K,9999,SD,53,2
8,3728,1659,8193,0.351666667,105,9999,9999,F,R,0,308,0.5,9999,3,9,3,D,9999,SD,53,1
8,3728,1659,8193,0.351666667,105,0.215,1,R,R,1,308,0.5,60,3,9,3,K,1,SD,53,2
8,3728,1659,8194,0.075833333,106,9999,9999,9999,9999,9999,9999,0.5,9999,2,9,2,9999,9999,SD,53,0
8,3728,1659,8195,0.053055556,106,9999,9999,9999,9999,9999,9999,0.5,9999,4,9,3,9999,9999,SD,53,0
8,3728,1659,8196,0.296111111,201,9999,9999,F,L,0,325,0.5,9999,2,5,2,P,9999,SD,53,1
8,3728,1659,8196,0.296111111,201,0.301,1,R,L,1,325,0.5,269,2,5,2,K,1,SD,53,2
8,3728,1659,8196,0.296111111,201,9999,9999,F,R,0,326,0.5,9999,2,5,2,D,9999,SD,53,1
8,3728,1659,8196,0.296111111,201,0.207,1,R,R,1,326,0.5,341,2,5,2,H,1,SD,53,2
8,3728,1659,8196,0.296111111,201,9999,9999,F,L,0,328,0.5,9999,2,5,2,P,9999,SD,53,1
8,3728,1659,8196,0.296111111,201,0.387,1,R,L,1,328,0.5,143,2,5,2,K,1,SD,53,2
8,3728,1659,8196,0.296111111,201,9999,9999,F,R,0,329,0.5,9999,2,5,2,D,9999,SD,53,1
8,3728,1659,8196,0.296111111,201,0.519,1,R,R,1,329,0.5,298,2,5,2,H,1,SD,53,2
8,3728,1659,8196,0.296111111,201,9999,9999,F,R,0,330,0.5,9999,2,5,2,D,9999,SD,53,1
8,3728,1659,8196,0.296111111,201,0.555,1,R,R,1,330,0.5,752,2,5,2,H,1,SD,53,2
8,3728,1659,8196,0.296111111,201,9999,9999,F,R,0,331,0.5,9999,2,5,2,D,9999,SD,53,1
8,3728,1659,8196,0.296111111,201,0.166,2,R,R,1,331,0.5,289,2,5,2,H,1,SD,53,2
8,3728,1659,8196,0.296111111,201,0.104,2,F,R,1,332,0.5,149,2,5,2,D,1,SD,53,1
8,3728,1659,8196,0.296111111,201,0.119,2,R,R,1,332,0.5,195,2,5,2,H,1,SD,53,2
8,3728,1659,8196,0.296111111,201,9999,9999,F,R,0,334,0.5,9999,2,5,2,D,9999,SD,53,1
8,3728,1659,8196,0.296111111,201,0.107,1,R,R,1,334,0.5,191,2,5,2,H,1,SD,53,2
8,3728,1659,8196,0.296111111,201,9999,9999,F,L,0,336,0.5,9999,2,5,2,P,9999,SD,53,1
8,3728,1659,8196,0.296111111,201,0.176,1,R,L,1,336,0.5,23,2,5,2,K,1,SD,53,2
8,3728,1659,8197,0.436388889,202,9999,9999,F,L,0,310,0.5,9999,2,9,1,P,9999,SD,53,1
8,3728,1659,8197,0.436388889,202,0.176,1,R,L,1,310,0.5,17,2,9,1,K,1,SD,53,2
8,3728,1659,8198,0.062222222,205,9999,9999,9999,9999,9999,9999,0.5,9999,3,9,3,9999,9999,SD,53,0
8,3728,1659,8199,0.18,206,9999,9999,F,L,0,386,0.5,9999,3,9,2,P,9999,SD,53,1
8,3728,1659,8199,0.18,206,0.186,2,R,L,1,386,0.5,319,3,9,2,K,2,SD,53,2
8,3728,1659,8199,0.18,206,9999,9999,F,L,0,387,0.5,9999,3,9,2,P,9999,SD,53,1
8,3728,1659,8199,0.18,206,0.285,2,R,L,1,387,0.5,200,3,9,2,K,2,SD,53,2
8,3728,1659,8200,0.0475,206,9999,9999,9999,9999,9999,9999,0.5,9999,4,9,2,9999,9999,SD,53,0
9,17408,16617,9201,0.168611111,101,9999,9999,9999,9999,9999,9999,0.25,9999,3,9,3,9999,9999,SD,53,0
9,17408,16617,9202,0.051388889,101,9999,9999,9999,9999,9999,9999,0.25,9999,3,9,3,9999,9999,SD,53,0
9,17408,16617,9203,0.208333333,101,9999,9999,9999,9999,9999,9999,0.25,9999,4,9,3,9999,9999,SD,53,0
9,17408,16617,9204,0.4375,102,9999,9999,9999,9999,9999,9999,0.25,9999,3,9,2,9999,9999,SD,53,0
9,17408,16617,9205,0.125,102,9999,9999,9999,9999,9999,9999,0.25,9999,4,9,3,9999,9999,SD,53,0
9,17408,16617,9206,0.06,103,9999,9999,9999,9999,9999,9999,0.25,9999,2,9,2,9999,9999,SD,53,0
9,17408,16617,9207,0.032222222,103,9999,9999,9999,9999,9999,9999,0.25,9999,2,8,2,9999,9999,SD,53,0
9,17408,16617,9208,0.140277778,103,9999,9999,9999,9999,9999,9999,0.25,9999,3,9,2,9999,9999,SD,53,0
9,17408,16617,9209,0.199722222,103,9999,9999,9999,9999,9999,9999,0.25,9999,3,9,3,9999,9999,SD,53,0
9,17408,16617,9210,0.192222222,103,9999,9999,F,L,0,7,0.25,9999,4,9,3,P,9999,SD,53,1
9,17408,16617,9210,0.192222222,103,0.461,1,R,L,1,7,0.25,477,4,9,3,H,1,SD,53,2
9,17408,16617,9210,0.192222222,103,9999,9999,F,L,0,8,0.25,9999,4,9,3,P,9999,SD,53,1
9,17408,16617,9210,0.192222222,103,0.404,1,R,L,1,8,0.25,246,4,9,3,H,2,SD,53,2
9,17408,16617,9211,0.163888889,104,9999,9999,9999,9999,9999,9999,0.25,9999,2,9,1,9999,9999,SD,53,0
9,17408,16617,9212,0.080555556,104,9999,9999,9999,9999,9999,9999,0.25,9999,2,9,2,9999,9999,SD,53,0
9,17408,16617,9213,0.216944444,104,9999,9999,9999,9999,9999,9999,0.25,9999,3,9,2,9999,9999,SD,53,0
9,17408,16617,9214,0.032222222,104,9999,9999,9999,9999,9999,9999,0.25,9999,3,9,3,9999,9999,SD,53,0
9,17408,16617,9215,0.150277778,104,9999,9999,9999,9999,9999,9999,0.25,9999,3,8,2,9999,9999,SD,53,0
9,17408,16617,9216,0.318611111,105,9999,9999,9999,9999,9999,9999,0.25,9999,3,9,2,9999,9999,SD,53,0
9,17408,16617,9217,0.134444444,105,9999,9999,9999,9999,9999,9999,0.25,9999,4,9,2,9999,9999,SD,53,0
9,17408,16617,9218,0.286666667,106,9999,9999,9999,9999,9999,9999,0.25,9999,3,9,2,9999,9999,SD,53,0
9,17408,16617,9219,0.046944444,106,9999,9999,9999,9999,9999,9999,0.25,9999,3,7,2,9999,9999,SD,53,0
9,17408,16617,9220,0.238888889,106,9999,9999,F,R,0,10,0.25,9999,4,1,3,D,9999,SD,53,1
9,17408,16617,9220,0.238888889,106,0.071,2,R,R,1,10,0.25,14,4,1,3,H,1,SD,53,2
9,17408,16617,9220,0.238888889,106,9999,9999,F,R,0,11,0.25,9999,4,1,3,D,9999,SD,53,1
9,17408,16617,9220,0.238888889,106,0.071,2,R,R,1,11,0.25,14,4,1,3,H,1,SD,53,2
9,17408,16617,9221,0.181388889,107,0.469,1,F,R,1,79,0.5,830,2,9,1,D,1,SD,53,1
9,17408,16617,9221,0.181388889,107,0.262,1,R,R,1,79,0.5,447,2,9,1,K,1,SD,53,2
9,17408,16617,9222,0.030555556,107,9999,9999,9999,9999,9999,9999,0.5,9999,2,8,2,9999,9999,SD,53,0
9,17408,16617,9223,0.046944444,107,9999,9999,F,L,0,74,0.5,9999,2,9,2,P,9999,SD,53,1
9,17408,16617,9223,0.046944444,107,0.24,1,R,L,1,74,0.5,208,2,9,2,H,1,SD,53,2
9,17408,16617,9223,0.046944444,107,9999,9999,F,L,0,75,0.5,9999,2,9,2,P,9999,SD,53,1
9,17408,16617,9223,0.046944444,107,0.298,1,R,L,1,75,0.5,260,2,9,2,H,1,SD,53,2
9,17408,16617,9223,0.046944444,107,9999,9999,F,L,0,76,0.5,9999,2,9,2,P,9999,SD,53,1
9,17408,16617,9223,0.046944444,107,0.461,1,R,L,1,76,0.5,90,2,9,2,H,1,SD,53,2
9,17408,16617,9224,0.300833333,107,9999,9999,9999,9999,9999,9999,0.5,9999,2,8,1,9999,9999,SD,53,0
9,17408,16617,9225,0.107222222,107,9999,9999,F,L,0,73,0.5,9999,3,5,2,P,9999,SD,53,1
9,17408,16617,9225,0.107222222,107,0.387,1,R,L,1,73,0.5,157,3,5,2,H,1,SD,53,2
9,17408,16617,9226,0.091666667,108,9999,9999,9999,9999,9999,9999,0.5,9999,2,8,1,9999,9999,SD,53,0
9,17408,16617,9227,0.389722222,108,9999,9999,F,L,0,84,0.5,9999,2,9,1,P,9999,SD,53,1
9,17408,16617,9227,0.389722222,108,0.266,1,R,L,1,84,0.5,62,2,9,1,H,1,SD,53,2
9,17408,16617,9228,0.098333333,108,9999,9999,9999,9999,9999,9999,0.5,9999,3,9,1,9999,9999,SD,53,0
9,17408,16617,9229,0.138888889,109,9999,9999,9999,9999,9999,9999,0.5,9999,2,9,2,9999,9999,SD,53,0
9,17408,16617,9230,0.078055556,109,9999,9999,9999,9999,9999,9999,0.5,9999,2,8,1,9999,9999,SD,53,0
9,17408,16617,9231,0.180833333,109,9999,9999,9999,9999,9999,9999,0.5,9999,3,9,1,9999,9999,SD,53,0
9,17408,16617,9232,0.104722222,109,9999,9999,F,L,0,85,0.5,9999,3,9,2,P,9999,SD,53,1
9,17408,16617,9232,0.104722222,109,0.17,1,R,L,1,85,0.5,218,3,9,2,K,1,SD,53,2
9,17408,16617,9233,0.163888889,109,9999,9999,9999,9999,9999,9999,0.5,9999,3,9,2,9999,9999,SD,53,0
9,17408,16617,9234,0.03,110,9999,9999,9999,9999,9999,9999,0.5,9999,2,8,1,9999,9999,SD,53,0
9,17408,16617,9235,0.350277778,110,9999,9999,F,L,0,88,0.5,9999,3,8,1,P,9999,SD,53,1
9,17408,16617,9235,0.350277778,110,0.213,1,R,L,1,88,0.5,0,3,8,1,K,1,SD,53,2
9,17408,16617,9235,0.350277778,110,9999,9999,9999,9999,9999,9999,0.5,9999,3,8,1,9999,9999,SD,53,0
9,17408,16617,9236,0.05,111,9999,9999,9999,9999,9999,9999,0.5,9999,3,9,2,9999,9999,SD,53,0
9,17408,16617,9237,0.118611111,111,9999,9999,9999,9999,9999,9999,0.5,9999,4,9,2,9999,9999,SD,53,0
9,17408,16617,9238,0.044166667,111,9999,9999,9999,9999,9999,9999,0.5,9999,5,9,2,9999,9999,SD,53,0
9,17408,16617,9239,0.250555556,112,9999,9999,F,R,0,388,0.5,9999,3,9,2,D,9999,SD,53,1
9,17408,16617,9239,0.250555556,112,0.273,1,R,R,1,388,0.5,316,3,9,2,H,1,SD,53,2
9,17408,16617,9239,0.250555556,112,9999,9999,F,R,0,389,0.5,9999,3,9,2,D,9999,SD,53,1
9,17408,16617,9239,0.250555556,112,0.213,1,R,R,1,389,0.5,303,3,9,2,H,1,SD,53,2
9,17408,16617,9240,0.174166667,112,9999,9999,9999,9999,9999,9999,0.5,9999,4,9,2,9999,9999,SD,53,0
9,17408,16617,9241,0.098611111,114,9999,9999,9999,9999,9999,9999,0.5,9999,1,9,2,9999,9999,SD,53,0
9,17408,16617,9242,0.298888889,115,9999,9999,9999,9999,9999,9999,0.5,9999,2,5,2,9999,9999,SD,53,0
9,17408,16617,9243,0.046388889,116,9999,9999,9999,9999,9999,9999,0.5,9999,2,9,2,9999,9999,SD,53,0
9,17408,16617,9244,0.1025,116,9999,9999,9999,9999,9999,9999,0.5,9999,3,9,1,9999,9999,SD,53,0
9,17408,16617,9245,0.141111111,116,9999,9999,9999,9999,9999,9999,0.5,9999,3,9,2,9999,9999,SD,53,0
9,17408,16617,9246,0.071944444,116,9999,9999,9999,9999,9999,9999,0.5,9999,3,9,3,9999,9999,SD,53,0
9,17408,16617,9247,0.044722222,116,9999,9999,9999,9999,9999,9999,0.5,9999,4,9,2,9999,9999,SD,53,0
